Name,Team,Pos,Inn,rSZ,rCERA,rSB,rGDP,rARM,rGFP,rPM,rTS,DRS,ARM,DPR,RngR,ErrR,UZR,UZR/150,FRM,OAA,FRV,Def,NameASCII,PlayerId,MLBAMID
"Ke'Bryan Hayes","- - -","3B",1283,,,,0,,0,17,,19,,,,,,,,22,17,19.213848911074813,"Ke'Bryan Hayes",18577,663647
"Maikel Garcia","KCR","3B",1144.2,,,,1,,0,11,,13,,,,,,,,18,14,16.279639764837114,"Maikel Garcia",22715,672580
"Ryan McMahon","- - -","3B",1265,,,,0,,0,10,,10,,,,,,,,6,7,8.223270206518478,"Ryan McMahon",15112,641857
"José Ramírez","CLE","3B",1145.2,,,,0,,-1,1,,0,,,,,,,,6,6,7.439326912185919,"Jose Ramirez",13510,608070
"Josh Jung","TEX","3B",1086.2,,,,-1,,-1,-2,,-3,,,,,,,,5,3,6.136227780026518,"Josh Jung",26299,673962
"Matt Chapman","SFG","3B",1116.1,,,,0,,-1,4,,5,,,,,,,,4,4,5.856104760160567,"Matt Chapman",16505,656305
"Ernie Clement","TOR","3B",603,,,,0,,1,10,,11,,,,,,,,6,4,5.601289942971061,"Ernie Clement",20352,676391
"Graham Pauley","MIA","3B",390,,,,0,,1,3,,3,,,,,,,,6,5,5.580657538521326,"Graham Pauley",31363,688363
"Alex Bregman","BOS","3B",972.1,,,,0,,0,0,,1,,,,,,,,3,3,4.787335518277467,"Alex Bregman",17678,608324
"Ronny Mauricio","NYM","3B",292,,,,-1,,0,4,,4,,,,,,,,5,4,4.5533790035569925,"Ronny Mauricio",23698,677595
"Nolan Arenado","STL","3B",880.2,,,,0,,0,6,,6,,,,,,,,3,2,4.078460454070754,"Nolan Arenado",9777,571448
"Kyle Karros","COL","3B",343.1,,,,0,,0,3,,3,,,,,,,,4,3,4.03501301658307,"Kyle Karros",33252,691720
"Caleb Durbin","MIL","3B",1060.2,,,,-1,,0,5,,5,,,,,,,,2,1,3.8568742305226076,"Caleb Durbin",29646,702332
"Jared Triolo","PIT","3B",260.1,,,,1,,0,6,,7,,,,,,,,4,4,3.451846753790074,"Jared Triolo",25807,669707
"Santiago Espinal","CIN","3B",487.1,,,,0,,0,0,,0,,,,,,,,3,2,3.372076062296255,"Santiago Espinal",19997,669289
"Max Schuemann","ATH","3B",119.2,,,,0,,1,0,,1,,,,,,,,4,3,3.1326829064135584,"Max Schuemann",24488,680474
"Brady House","WSN","3B",615.1,,,,-1,,0,3,,0,,,,,,,,2,1,3.064056308638179,"Brady House",29993,691781
"Royce Lewis","MIN","3B",826,,,,0,,1,-4,,-2,,,,,,,,1,2,2.733596414619249,"Royce Lewis",20437,668904
"Carlos Correa","HOU","3B",417,,,,0,,-1,-1,,-2,,,,,,,,2,1,2.592483629385419,"Carlos Correa",14162,621043
"Jordan Westburg","BAL","3B",439.2,,,,0,,0,-5,,-5,,,,,,,,2,1,2.5509222112024132,"Jordan Westburg",27815,676059
"Brett Baty","NYM","3B",573,,,,0,,1,6,,4,,,,,,,,2,1,2.482719199605399,"Brett Baty",26123,683146
"Mauricio Dubón","HOU","3B",141,,,,0,,0,1,,1,,,,,,,,3,2,2.365524884454837,"Mauricio Dubon",16530,643289
"Nacho Alvarez Jr.","ATL","3B",495.1,,,,0,,-1,8,,5,,,,,,,,2,2,2.3349082569261457,"Nacho Alvarez Jr.",31765,805373
"Isiah Kiner-Falefa","- - -","3B",256.2,,,,0,,0,2,,3,,,,,,,,2,2,2.287477789860747,"Isiah Kiner-Falefa",16512,643396
"Ramón Urías","- - -","3B",638.1,,,,0,,0,5,,5,,,,,,,,1,1,2.18471672588691,"Ramon Urias",18795,602104
"Andy Ibáñez","DET","3B",323.1,,,,-1,,0,5,,4,,,,,,,,2,2,2.184361714098062,"Andy Ibanez",18819,628451
"Marcelo Mayer","BOS","3B",248.2,,,,0,,0,0,,0,,,,,,,,2,2,2.157976517399621,"Marcelo Mayer",29668,691785
"Enrique Hernández","LAD","3B",195.2,,,,0,,0,1,,1,,,,,,,,2,2,1.9436793308470939,"Enrique Hernandez",10472,571771
"Ben Williamson","SEA","3B",703,,,,-1,,1,6,,8,,,,,,,,0,0,1.8714162918355892,"Ben Williamson",33197,810938
"Oswald Peraza","- - -","3B",382.2,,,,-1,,-1,7,,5,,,,,,,,1,0,1.8270867860242026,"Oswald Peraza",22823,672724
"Brett Harris","ATH","3B",183.2,,,,0,,0,5,,5,,,,,,,,2,2,1.8182850251230684,"Brett Harris",29788,695391
"Javier Báez","DET","3B",147.1,,,,0,,0,1,,1,,,,,,,,2,1,1.8002592477188144,"Javier Baez",12979,595879
"Jonah Bride","- - -","3B",151,,,,0,,0,0,,1,,,,,,,,2,1,1.706979822195698,"Jonah Bride",24703,681146
"Nick Loftin","KCR","3B",87,,,,0,,0,2,,2,,,,,,,,2,1,1.6886318862674325,"Nick Loftin",27630,679845
"Matt Shaw","CHC","3B",1010,,,,0,,1,11,,12,,,,,,,,-1,-1,1.5628047621310603,"Matt Shaw",33322,807713
"Javier Sanoja","MIA","3B",255.2,,,,0,,0,5,,4,,,,,,,,1,1,1.5059043602202362,"Javier Sanoja",28253,691594
"Emmanuel Rivera","BAL","3B",223.2,,,,0,,0,1,,2,,,,,,,,1,1,1.5048351220441027,"Emmanuel Rivera",19890,656896
"Tommy Edman","LAD","3B",101,,,,0,,0,0,,0,,,,,,,,2,1,1.4820064834641458,"Tommy Edman",19470,669242
"Orlando Arcia","COL","3B",150,,,,0,,0,0,,0,,,,,,,,1,1,1.2805716687731408,"Orlando Arcia",13185,606115
"Alex Freeland","LAD","3B",129,,,,0,,0,1,,0,,,,,,,,1,1,1.2620994517874151,"Alex Freeland",31665,690976
"Thomas Saggese","STL","3B",117,,,,0,,1,0,,1,,,,,,,,1,1,1.1722588562095304,"Thomas Saggese",27883,695336
"José Caballero","- - -","3B",117,,,,0,,0,0,,1,,,,,,,,1,1,1.1688408878057137,"Jose Caballero",23401,676609
"Austin Riley","ATL","3B",888.2,,,,-1,,0,-3,,-2,,,,,,,,-1,-1,1.1584468350439951,"Austin Riley",18360,663586
"Addison Barger","TOR","3B",613.1,,,,0,,0,1,,1,,,,,,,,0,-1,1.0874441309688236,"Addison Barger",24598,680718
"Daniel Schneemann","CLE","3B",141.1,,,,0,,0,-1,,-1,,,,,,,,1,1,1.0524011430109517,"Daniel Schneemann",25180,682177
"Luis Guillorme","HOU","3B",39,,,,0,,0,1,,1,,,,,,,,1,1,1.0273396789115772,"Luis Guillorme",16451,641645
"Alec Bohm","PHI","3B",942.2,,,,-2,,-2,3,,-3,,,,,,,,-2,-3,1.000156148905114,"Alec Bohm",21618,664761
"Nicky Lopez","- - -","3B",56,,,,0,,0,0,,0,,,,,,,,1,1,0.9492209989883034,"Nicky Lopez",19339,670032
"Miles Mastrobuoni","SEA","3B",158.2,,,,0,,0,-2,,-3,,,,,,,,1,1,0.8509808140164308,"Miles Mastrobuoni",20017,670156
"Jace Jung","DET","3B",130,,,,-1,,0,0,,-1,,,,,,,,1,0,0.8349584404343895,"Jace Jung",31437,690291
"Jeimer Candelario","CIN","3B",102,,,,0,,0,1,,1,,,,,,,,1,0,0.8000500563751264,"Jeimer Candelario",13621,600869
"Blaze Alexander","ARI","3B",432.1,,,,0,,0,0,,1,,,,,,,,0,0,0.7708112255349919,"Blaze Alexander",23789,677942
"Vimael Machín","BAL","3B",28,,,,0,,0,0,,1,,,,,,,,1,1,0.7370693132354172,"Vimael Machin",17684,605353
"Andruw Monasterio","MIL","3B",48,,,,0,,0,0,,0,,,,,,,,1,1,0.7355222261837714,"Andruw Monasterio",19455,655316
"Shay Whitcomb","HOU","3B",25,,,,0,,0,0,,0,,,,,,,,1,1,0.6133462118895472,"Shay Whitcomb",27789,694376
"Adam Frazier","KCR","3B",35.2,,,,0,,1,1,,2,,,,,,,,1,1,0.5910799021797585,"Adam Frazier",15223,624428
"Colson Montgomery","CHW","3B",95.1,,,,0,,0,1,,1,,,,,,,,0,1,0.5674697607518971,"Colson Montgomery",29712,695657
"Aaron Schunk","COL","3B",14,,,,0,,0,0,,0,,,,,,,,1,1,0.5570038576602835,"Aaron Schunk",25524,668845
"Brooks Lee","MIN","3B",284.2,,,,0,,0,-5,,-6,,,,,,,,0,0,0.5186489462144692,"Brooks Lee",31595,686797
"Nick Sogard","BOS","3B",39,,,,0,,0,0,,0,,,,,,,,1,0,0.5103316201189211,"Nick Sogard",25483,686765
"Eugenio Suárez","- - -","3B",1347.2,,,,0,,1,-7,,-6,,,,,,,,-3,-3,0.4498331563045854,"Eugenio Suarez",12552,553993
"Garrett Hampson","- - -","3B",16,,,,0,,0,0,,0,,,,,,,,1,0,0.43622747472671314,"Garrett Hampson",19262,641658
"Lenyn Sosa","CHW","3B",18,,,,0,,0,0,,0,,,,,,,,1,0,0.42271079551194773,"Lenyn Sosa",22896,672820
"Bobby Dalbec","CHW","3B",8,,,,0,,0,0,,0,,,,,,,,1,0,0.4036290262628906,"Bobby Dalbec",19966,666915
"Warming Bernabel","COL","3B",4,,,,0,,0,0,,0,,,,,,,,1,0,0.39544737662412205,"Warming Bernabel",26536,682653
"Bryan Ramos","CHW","3B",28,,,,0,,0,1,,1,,,,,,,,0,1,0.38236207046062826,"Bryan Ramos",25621,682868
"Curtis Mead","- - -","3B",229,,,,0,,0,-2,,-1,,,,,,,,0,0,0.37602565621948814,"Curtis Mead",23986,678554
"Luis Vázquez","BAL","3B",50,,,,0,,0,-1,,-1,,,,,,,,0,0,0.3456439111517015,"Luis Vazquez",23442,676679
"Junior Caminero","TBR","3B",1257.1,,,,1,,-2,-4,,-5,,,,,,,,-3,-2,0.2768025333942845,"Junior Caminero",28163,691406
"Justin Turner","CHC","3B",35,,,,0,,0,-1,,-1,,,,,,,,0,0,0.27673599576168967,"Justin Turner",5235,457759
"Edmundo Sosa","PHI","3B",238.2,,,,-1,,0,3,,2,,,,,,,,0,-1,0.2734148209325625,"Edmundo Sosa",17022,624641
"CJ Alexander","ATH","3B",14,,,,0,,0,0,,0,,,,,,,,0,0,0.25922007964321603,"CJ Alexander",20557,680769
"Zach McKinstry","DET","3B",578.1,,,,1,,-1,-7,,-8,,,,,,,,-1,-1,0.24284919356052947,"Zach McKinstry",19392,656716
"Coco Montes","TBR","3B",7,,,,0,,0,0,,0,,,,,,,,0,0,0.23050201192703312,"Coco Montes",21547,663796
"Sal Stewart","CIN","3B",33,,,,0,,0,0,,0,,,,,,,,0,0,0.23026459697419227,"Sal Stewart",31505,701398
"Brice Matthews","HOU","3B",1.1,,,,0,,0,0,,0,,,,,,,,0,0,0.2127180775311912,"Brice Matthews",33280,694728
"Tim Tawa","ARI","3B",15,,,,0,,0,1,,1,,,,,,,,0,0,0.20662812004998504,"Tim Tawa",29571,694374
"Rafael Devers","SFG","3B",9,,,,0,,0,0,,0,,,,,,,,0,0,0.19755550232232943,"Rafael Devers",17350,646240
"Ildemaro Vargas","ARI","3B",34,,,,0,,0,1,,1,,,,,,,,0,0,0.19203200530145417,"Ildemaro Vargas",13324,545121
"Luisangel Acuña","NYM","3B",11,,,,0,,0,0,,0,,,,,,,,0,0,0.17517732471658237,"Luisangel Acuna",26548,682668
"Owen Miller","COL","3B",5,,,,0,,0,0,,0,,,,,,,,0,0,0.1727084692697891,"Owen Miller",24655,680911
"Leo Rivas","SEA","3B",4,,,,0,,0,0,,0,,,,,,,,0,0,0.13100432611037557,"Leo Rivas",21009,660844
"Wilmer Flores","SFG","3B",9,,,,0,,0,0,,0,,,,,,,,0,0,0.07981532197590775,"Wilmer Flores",5827,527038
"Cavan Biggio","KCR","3B",10,,,,0,,0,0,,0,,,,,,,,0,0,0.07254610213322865,"Cavan Biggio",19252,624415
"Chris Taylor","LAA","3B",5,,,,0,,0,0,,0,,,,,,,,0,0,0.05729376311407264,"Chris Taylor",13757,621035
"Coby Mayo","BAL","3B",19,,,,0,,0,-2,,-2,,,,,,,,0,0,0.045160654304472525,"Coby Mayo",28312,691723
"Sal Frelick","MIL","3B",1,,,,0,,0,0,,0,,,,,,,,0,0,0.033626135613824,"Sal Frelick",29622,686217
"Christian Koss","SFG","3B",70,,,,0,,0,0,,-1,,,,,,,,0,0,0.026064490879742885,"Christian Koss",27653,683766
"Nick Yorke","PIT","3B",3,,,,0,,0,0,,0,,,,,,,,0,0,0.01942555515088141,"Nick Yorke",27504,694377
"Eric Wagaman","MIA","3B",5,,,,0,,0,0,,0,,,,,,,,0,0,0.01747786852431374,"Eric Wagaman",23395,676572
"Jonathan Ornelas","ATL","3B",7,,,,0,,0,0,,0,,,,,,,,0,0,0.0164376942383841,"Jonathan Ornelas",24597,680716
"Jack Winkler","MIA","3B",4.1,,,,0,,0,0,,0,,,,,,,,0,0,0.00963741585671864,"Jack Winkler",29830,676466
"Isaac Collins","MIL","3B",1.1,,,,0,,0,0,,0,,,,,,,,0,0,0.009204065168591074,"Isaac Collins",25477,686555
"Donovan Solano","SEA","3B",4,,,,0,,0,0,,0,,,,,,,,,,0.006858708,"Donovan Solano",8623,456781
"Jorge Mateo","BAL","3B",2,,,,0,,0,0,,0,,,,,,,,0,0,0.0044426263489097655,"Jorge Mateo",17273,622761
"Tyler Freeman","COL","3B",2,,,,0,,0,0,,0,,,,,,,,0,0,0.004372269440508644,"Tyler Freeman",22532,671289
"J.C. Escarra","NYY","3B",2,,,,0,,0,0,,0,,,,,,,,,,0.003429354,"J.C. Escarra",20084,641555
"David Hamilton","BOS","3B",1.1,,,,0,,0,0,,0,,,,,,,,,,0.0022862354549188614,"David Hamilton",27531,666152
"Matt Vierling","DET","3B",3,,,,0,,0,0,,0,,,,,,,,0,0,0.0018687295569711228,"Matt Vierling",21558,663837
"Carlos Santana","CLE","3B",1,,,,0,,0,0,,0,,,,,,,,,,0.001714677,"Carlos Santana",2396,467793
"Weston Wilson","PHI","3B",1,,,,0,,0,0,,0,,,,,,,,,,0.001714677,"Weston Wilson",19358,642215
"Carlos Cortes","ATH","3B",1,,,,0,,0,0,,0,,,,,,,,,,0.001714677,"Carlos Cortes",21842,666126
"Taylor Walls","TBR","3B",1,,,,0,,0,0,,0,,,,,,,,,,0.001714677,"Taylor Walls",22458,670764
"Davis Schneider","TOR","3B",1,,,,0,,0,0,,0,,,,,,,,,,0.001714677,"Davis Schneider",23565,676914
"Trey Lipscomb","WSN","3B",9,,,,0,,0,0,,0,,,,,,,,0,0,-0.004376677423431079,"Trey Lipscomb",31567,702358
"Tyler Tolbert","KCR","3B",10,,,,0,,0,0,,0,,,,,,,,0,0,-0.03088011757242013,"Tyler Tolbert",25779,686475
"Gavin Lux","CIN","3B",32,,,,0,,0,0,,0,,,,,,,,0,0,-0.14778619237688662,"Gavin Lux",19955,666158
"Brett Wisely","SFG","3B",21,,,,0,,0,1,,1,,,,,,,,0,0,-0.15475533201742037,"Brett Wisely",27735,689172
"Christian Encarnacion-Strand","CIN","3B",66,,,,0,,0,-1,,-1,,,,,,,,0,-1,-0.15494959509826953,"Christian Encarnacion-Strand",30011,687952
"Cam Devanney","PIT","3B",94,,,,0,,0,0,,0,,,,,,,,-1,0,-0.16640067956435392,"Cam Devanney",25688,687478
"Logan Davidson","ATH","3B",20,,,,0,,0,0,,0,,,,,,,,0,0,-0.23917731771733858,"Logan Davidson",25844,669722
"Casey Schmitt","SFG","3B",201.1,,,,0,,0,-1,,-3,,,,,,,,-1,-1,-0.24492810899280837,"Casey Schmitt",27577,669477
"Gabriel Arias","CLE","3B",37,,,,0,,0,-1,,-1,,,,,,,,0,0,-0.2514219693711711,"Gabriel Arias",22563,672356
"Ezequiel Duran","TEX","3B",74,,,,0,,0,-2,,-2,,,,,,,,-1,0,-0.26978055658242905,"Ezequiel Duran",23733,677649
"Abraham Toro","BOS","3B",102,,,,0,,0,2,,2,,,,,,,,-1,-1,-0.3156498311643844,"Abraham Toro",19844,647351
"J.D. Davis","LAA","3B",8,,,,0,,0,-1,,-1,,,,,,,,0,0,-0.3300250382498379,"J.D. Davis",16219,605204
"Cody Freeman","TEX","3B",36,,,,0,,0,0,,0,,,,,,,,-1,0,-0.35323597124636213,"Cody Freeman",25629,683227
"Ryan Fitzgerald","MIN","3B",31,,,,0,,0,-1,,-1,,,,,,,,-1,0,-0.35635310870125775,"Ryan Fitzgerald",24622,680837
"Jorbit Vivas","NYY","3B",76,,,,0,,0,-1,,-1,,,,,,,,-1,0,-0.3614166104473007,"Jorbit Vivas",23917,678391
"Anthony Seigler","MIL","3B",129.1,,,,0,,0,1,,1,,,,,,,,-1,0,-0.39152662369191227,"Anthony Seigler",23802,678011
"José Fermín","STL","3B",21,,,,0,,0,0,,0,,,,,,,,-1,0,-0.43049198345614414,"Jose Fermin",21746,665877
"Sergio Alcántara","SFG","3B",6,,,,0,,0,0,,0,,,,,,,,-1,0,-0.4527725562490128,"Sergio Alcantara",16417,642727
"Tyler Wade","SDP","3B",9.1,,,,0,,0,0,,0,,,,,,,,-1,0,-0.4698378270249356,"Tyler Wade",15730,642180
"Oswaldo Cabrera","NYY","3B",266,,,,0,,0,-1,,-1,,,,,,,,-1,0,-0.49801025293724477,"Oswaldo Cabrera",21707,665828
"Darell Hernaiz","ATH","3B",141.2,,,,0,,0,-1,,-1,,,,,,,,-1,-1,-0.5361327128389943,"Darell Hernaiz",26224,687231
"José Barrero","STL","3B",2,,,,0,,0,-1,,-1,,,,,,,,-1,-1,-0.5744134500417459,"Jose Barrero",23378,676480
"Oliver Dunn","MIL","3B",91.2,,,,0,,0,0,,0,,,,,,,,-1,-1,-0.6041592514546538,"Oliver Dunn",26295,686554
"David Villar","SFG","3B",1,,,,0,,0,0,,0,,,,,,,,-1,-1,-0.6832559864830097,"David Villar",24782,681584
"Jeremiah Jackson","BAL","3B",84,,,,0,,0,0,,0,,,,,,,,-1,-1,-0.6847615279418577,"Jeremiah Jackson",22239,669236
"Romy Gonzalez","BOS","3B",12,,,,0,,0,-1,,-1,,,,,,,,-1,-1,-0.6872043511472078,"Romy Gonzalez",21562,663853
"Paul DeJong","WSN","3B",265,,,,1,,0,-1,,-1,,,,,,,,-2,-1,-0.7332220300557919,"Paul DeJong",18015,657557
"Buddy Kennedy","- - -","3B",57.1,,,,0,,0,-2,,-2,,,,,,,,-1,-1,-0.7414332850541101,"Buddy Kennedy",22505,671083
"Josh Smith","TEX","3B",246.1,,,,0,,0,-2,,-2,,,,,,,,-2,-1,-0.7600546366496703,"Josh Smith",26396,669701
"Miguel Rojas","LAD","3B",167.2,,,,0,,0,2,,2,,,,,,,,-2,-1,-0.7800955203741695,"Miguel Rojas",7802,500743
"Jose Iglesias","SDP","3B",170,,,,0,,0,-1,,-1,,,,,,,,-2,-1,-0.8342333668619581,"Jose Iglesias",10231,578428
"Vinny Capra","- - -","3B",137,,,,0,,0,0,,0,,,,,,,,-2,-1,-0.8488768994055316,"Vinny Capra",25040,681962
"Colt Keith","DET","3B",254.1,,,,0,,-1,1,,0,,,,,,,,-2,-2,-0.8878917574346243,"Colt Keith",27899,690993
"Gio Urshela","ATH","3B",421.1,,,,0,,-1,-6,,-7,,,,,,,,-2,-2,-0.898795975102455,"Gio Urshela",10681,570482
"Vidal Bruján","- - -","3B",84,,,,0,,1,-3,,-2,,,,,,,,-1,-2,-0.9217309387601187,"Vidal Brujan",20536,660644
"Maximo Acosta","MIA","3B",77.1,,,,0,,0,-1,,-1,,,,,,,,-1,-1,-0.9401849420169693,"Maximo Acosta",27963,691185
"Noelvi Marte","CIN","3B",287.1,,,,0,,0,-4,,-4,,,,,,,,-2,-2,-0.9640470851656675,"Noelvi Marte",26517,682622
"Will Wagner","- - -","3B",168.2,,,,-1,,-1,-4,,-6,,,,,,,,-2,-2,-1.0261049806245297,"Will Wagner",29634,695238
"Will Wilson","CLE","3B",117,,,,0,,0,0,,0,,,,,,,,-2,-2,-1.0404468648486485,"Will Wilson",25434,669717
"Tristan Gray","TBR","3B",33,,,,0,,0,-2,,-2,,,,,,,,-2,-1,-1.0670401852656999,"Tristan Gray",19877,656484
"Jose Miranda","MIN","3B",81,,,,0,,0,0,,0,,,,,,,,-2,-1,-1.1789427856869694,"Jose Miranda",20538,669304
"Max Muncy","ATH","3B",250.2,,,,0,,-1,1,,0,,,,,,,,-2,-2,-1.1797149815442691,"Max Muncy",29779,691777
"Jon Berti","CHC","3B",194,,,,0,,0,1,,1,,,,,,,,-2,-2,-1.2196501832493123,"Jon Berti",12037,542932
"Isaac Paredes","HOU","3B",766.2,,,,0,,0,-4,,-4,,,,,,,,-4,-3,-1.3201532092816777,"Isaac Paredes",20036,670623
"Nate Eaton","BOS","3B",73,,,,0,,-1,-2,,-3,,,,,,,,-2,-2,-1.3288782308892797,"Nate Eaton",25055,681987
"Luke Williams","ATL","3B",24,,,,0,,0,0,,0,,,,,,,,-2,-1,-1.3463967556879683,"Luke Williams",19931,663897
"Connor Norby","MIA","3B",690,,,,0,,0,-4,,-5,,,,,,,,-4,-3,-1.401156989705548,"Connor Norby",29592,681393
"Kevin Newman","LAA","3B",163.1,,,,0,,0,-4,,-4,,,,,,,,-2,-2,-1.4300270556666876,"Kevin Newman",17696,621028
"Luis Urías","ATH","3B",48,,,,0,,0,-1,,-1,,,,,,,,-2,-2,-1.5229327280452392,"Luis Urias",16622,649966
"Dylan Moore","SEA","3B",80,,,,0,,0,-1,,-1,,,,,,,,-2,-2,-1.5575808122373411,"Dylan Moore",18042,664238
"Max Muncy","LAD","3B",801.1,,,,0,,-1,4,,3,,,,,,,,-5,-4,-1.6053387218377309,"Max Muncy",13301,571970
"Jorge Polanco","SEA","3B",43,,,,0,,0,-1,,-2,,,,,,,,-2,-2,-1.6229591677452992,"Jorge Polanco",13152,593871
"Jordan Lawlar","ARI","3B",76,,,,0,,0,-1,,-1,,,,,,,,-2,-2,-1.6252731974387102,"Jordan Lawlar",29976,691783
"Pablo Reyes","NYY","3B",18,,,,0,,0,-2,,-2,,,,,,,,-2,-2,-1.6267573886046094,"Pablo Reyes",16357,622569
"Gage Workman","- - -","3B",39,,,,0,,0,-3,,-3,,,,,,,,-2,-2,-1.7061786904440086,"Gage Workman",27573,669398
"Jazz Chisholm Jr.","NYY","3B",238,,,,0,,0,-4,,-4,,,,,,,,-3,-3,-1.7131604144150507,"Jazz Chisholm Jr.",20454,665862
"Chad Stevens","LAA","3B",13,,,,0,,0,-1,,-1,,,,,,,,-3,-2,-1.8689724252912325,"Chad Stevens",29614,677060
"Brooks Baldwin","CHW","3B",96.2,,,,0,,0,-1,,-1,,,,,,,,-3,-2,-1.9913621182296999,"Brooks Baldwin",31394,681460
"Manny Machado","SDP","3B",1252.2,,,,0,,1,2,,3,,,,,,,,-6,-4,-2.0313624823271184,"Manny Machado",11493,592518
"Miguel Andujar","ATH","3B",237.2,,,,0,,1,-6,,-6,,,,,,,,-4,-3,-2.166716044225975,"Miguel Andujar",15878,609280
"Willi Castro","- - -","3B",129,,,,0,,0,-2,,-2,,,,,,,,-4,-3,-2.5222922928581997,"Willi Castro",17338,650489
"José Tena","WSN","3B",351.1,,,,0,,1,-1,,0,,,,,,,,-5,-3,-2.6354308326101745,"Jose Tena",23691,677588
"Jonathan India","KCR","3B",149.1,,,,0,,1,-3,,-2,,,,,,,,-4,-3,-2.7641418220132254,"Jonathan India",21523,663697
"Amed Rosario","- - -","3B",230.2,,,,0,,0,-2,,-4,,,,,,,,-5,-4,-3.0192636785417206,"Amed Rosario",15518,642708
"Kyle Farmer","COL","3B",65,,,,0,,0,-1,,-1,,,,,,,,-4,-3,-3.1854108571240247,"Kyle Farmer",14813,571657
"Miguel Vargas","CHW","3B",645.2,,,,0,,1,-4,,-3,,,,,,,,-7,-5,-3.9437833587500917,"Miguel Vargas",20178,678246
"Luis Rengifo","LAA","3B",567.2,,,,1,,0,-5,,-5,,,,,,,,-7,-5,-4.105254211487221,"Luis Rengifo",19858,650859
"Mark Vientos","NYM","3B",556,,,,0,,0,-10,,-10,,,,,,,,-7,-6,-4.2986381409567995,"Mark Vientos",22184,668901
"Josh Rojas","CHW","3B",318.1,,,,0,,-1,-5,,-8,,,,,,,,-7,-5,-4.454068605416092,"Josh Rojas",19734,668942
"Otto Kemp","PHI","3B",255,,,,0,,1,-8,,-7,,,,,,,,-7,-6,-4.758072229314941,"Otto Kemp",31792,805249
"Nolan Gorman","STL","3B",410.1,,,,1,,1,-6,,-3,,,,,,,,-9,-6,-5.484699333574837,"Nolan Gorman",22263,669357
"Yoán Moncada","LAA","3B",593.1,,,,1,,0,-11,,-10,,,,,,,,-13,-9,-8.656809742398217,"Yoan Moncada",17232,660162