Season,Name,Team,Pos,Inn,rSZ,rCERA,rSB,rGDP,rARM,rGFP,rPM,rTS,DRS,ARM,DPR,RngR,ErrR,UZR,UZR/150,FRM,OAA,FRV,Def,NameASCII,PlayerId,MLBAMID
2025,"Patrick Bailey","SFG","C",1029.2,14,4,2,,,1,,,19,,,,,,,21.010000228881836,,30,35.191209829988544,"Patrick Bailey",27478,672275
2025,"Alejandro Kirk","TOR","C",965.1,9,-4,-1,,,5,,,9,,,,,,,11.770000457763672,,22,25.563337749341645,"Alejandro Kirk",22581,672386
2025,"Austin Hedges","CLE","C",479.2,9,0,3,,,-1,,,9,,,,,,,9.390000343322754,,14,16.84177004458755,"Austin Hedges",12976,595978
2025,"Dillon Dingler","DET","C",1011.2,4,0,2,,,2,,,6,,,,,,,5.53000020980835,,12,19.053511523791812,"Dillon Dingler",27464,693307
2025,"Austin Wells","NYY","C",1001,9,-11,-2,,,0,,,-7,,,,,,,10.09000015258789,,11,18.202563599513642,"Austin Wells",27562,669224
2025,"Luis Torrens","NYM","C",640.2,2,4,6,,,-2,,,11,,,,,,,2.319999933242798,,10,14.0352506798854,"Luis Torrens",15905,620443
2025,"Carlos Narváez","BOS","C",952,2,2,7,,,-2,,,10,,,,,,,2.0299999713897705,,9,14.277477180012955,"Carlos Narvaez",19722,665966
2025,"Gabriel Moreno","ARI","C",598,4,-4,-1,,,3,,,1,,,,,,,3.869999885559082,,8,10.896108477123821,"Gabriel Moreno",22664,672515
2025,"Tyler Heineman","TOR","C",424.2,3,2,2,,,2,,,10,,,,,,,2.700000047683716,,7,9.015871714961937,"Tyler Heineman",13897,623168
2025,"Cal Raleigh","SEA","C",1072,6,-2,-1,,,-2,,,2,,,,,,,11.140000343322754,,7,20.338478175256995,"Cal Raleigh",21534,663728
2025,"Sean Murphy","ATL","C",633,1,1,3,,,5,,,10,,,,,,,1.090000033378601,,6,11.382004600877941,"Sean Murphy",19352,669221
2025,"Pedro Pagés","STL","C",901.2,2,5,3,,,0,,,9,,,,,,,6.789999961853027,,6,15.790606462991434,"Pedro Pages",25782,686780
2025,"Hayden Senger","NYM","C",195.1,2,0,1,,,1,,,5,,,,,,,1.600000023841858,,5,5.372312178568848,"Hayden Senger",21489,663584
2025,"Reese McGuire","CHC","C",335.1,1,-1,-1,,,1,,,-1,,,,,,,2.5899999141693115,,4,5.931582681719825,"Reese McGuire",15674,624512
2025,"Alex Jackson","BAL","C",248.2,1,-1,1,,,1,,,1,,,,,,,1.6699999570846558,,4,5.556869615470168,"Alex Jackson",17276,656577
2025,"Carson Kelly","CHC","C",864,-2,3,3,,,2,,,4,,,,,,,-4.190000057220459,,3,8.171395879524017,"Carson Kelly",13620,608348
2025,"J.C. Escarra","NYY","C",209,4,1,-2,,,-1,,,2,,,,,,,3.9100000858306885,,3,3.677683759658438,"J.C. Escarra",20084,641555
2025,"William Contreras","MIL","C",1111.2,0,-2,1,,,1,,,0,,,,,,,-2.690000057220459,,3,8.870307842139805,"William Contreras",20503,661388
2025,"Adley Rutschman","BAL","C",573.1,2,4,1,,,2,,,10,,,,,,,0.8700000047683716,,3,5.883118992131172,"Adley Rutschman",26288,668939
2025,"Ali Sánchez","- - -","C",51.1,1,0,-1,,,0,,,0,,,,,,,0.24999999441206455,,2,0.955307456725409,"Ali Sanchez",18551,645305
2025,"Freddy Fermin","- - -","C",803.1,0,8,2,,,2,,,13,,,,,,,0.06999999843537807,,2,9.154119208671727,"Freddy Fermin",21840,666023
2025,"Henry Davis","PIT","C",681.2,-2,6,4,,,0,,,8,,,,,,,0.44999998807907104,,2,10.061552247147011,"Henry Davis",29617,680779
2025,"Elias Díaz","SDP","C",650,0,-2,-1,,,0,,,0,,,,,,,1,,1,6.487212413861628,"Elias Diaz",11680,553869
2025,"Luke Maile","KCR","C",143,2,0,-1,,,-1,,,0,,,,,,,1.309999942779541,,1,1.3359305125672514,"Luke Maile",13355,571912
2025,"Tomás Nido","DET","C",85.2,0,0,-1,,,-1,,,-2,,,,,,,0.5600000023841858,,1,0.5296114783583395,"Tomas Nido",13755,621512
2025,"Yohel Pozo","STL","C",324,2,0,-1,,,2,,,1,,,,,,,0.800000011920929,,1,2.772040870457232,"Yohel Pozo",18848,650968
2025,"Nick Fortes","- - -","C",585.2,3,1,-1,,,1,,,4,,,,,,,4.050000071525574,,1,7.741254008104024,"Nick Fortes",21538,663743
2025,"Rafael Marchán","PHI","C",283,1,0,1,,,1,,,3,,,,,,,-0.18000000715255737,,1,4.407565300007413,"Rafael Marchan",21646,665561
2025,"Miguel Amaya","CHC","C",229.2,1,0,0,,,0,,,1,,,,,,,-0.6299999952316284,,1,2.148018922752911,"Miguel Amaya",21693,665804
2025,"Drew Millas","WSN","C",123.1,1,-1,0,,,-1,,,-2,,,,,,,0.949999988079071,,1,1.4015018413272975,"Drew Millas",25643,686452
2025,"Adrian Del Castillo","ARI","C",33.1,0,0,0,,,0,,,0,,,,,,,0.15000000596046448,,1,0.8570993840631288,"Adrian Del Castillo",29554,680728
2025,"Hunter Goodman","COL","C",841.1,0,-1,-1,,,1,,,-1,,,,,,,1.2599999904632568,,1,8.353519779047875,"Hunter Goodman",29715,696100
2025,"Sandy León","ATL","C",29,0,0,0,,,0,,,0,,,,,,,0.07000000029802322,,0,-0.0004687556922672309,"Sandy Leon",5273,506702
2025,"Christian Vázquez","MIN","C",519,-1,4,1,,,2,,,5,,,,,,,0.6700000166893005,,0,7.845895026428671,"Christian Vazquez",9774,543877
2025,"Tucker Barnhart","TEX","C",38.1,0,0,0,,,0,,,0,,,,,,,-0.1599999964237213,,0,-0.20766975290433626,"Tucker Barnhart",10200,571466
2025,"Eric Haase","MIL","C",177,-1,0,0,,,0,,,-1,,,,,,,-0.23999999463558197,,0,1.8828621215553958,"Eric Haase",14111,606992
2025,"Dom Nuñez","CLE","C",17,0,0,0,,,0,,,0,,,,,,,0,,0,0.001960362131602472,"Dom Nunez",15055,624513
2025,"Austin Wynns","- - -","C",253.1,-2,0,2,,,0,,,0,,,,,,,-1.030000001192093,,0,1.6947771308534652,"Austin Wynns",15271,642851
2025,"Brian Navarreto","MIA","C",36,0,0,0,,,0,,,1,,,,,,,0.2800000011920929,,0,-0.048714746170341106,"Brian Navarreto",16398,640459
2025,"Aramis Garcia","ARI","C",10,0,0,0,,,0,,,0,,,,,,,0,,0,0.18020326797028685,"Aramis Garcia",16925,605244
2025,"Chadwick Tromp","- - -","C",55.1,0,0,0,,,0,,,1,,,,,,,0.13000000268220901,,0,0.2999794788422434,"Chadwick Tromp",16953,644433
2025,"Chad Wallach","LAA","C",2,0,0,0,,,0,,,0,,,,,,,0.009999999776482582,,0,0.029432487172097295,"Chad Wallach",17161,595453
2025,"Brett Sullivan","PIT","C",23,0,0,0,,,0,,,0,,,,,,,-0.029999999329447746,,0,0.6222238414752626,"Brett Sullivan",18217,664954
2025,"Jake Rogers","DET","C",339,1,-1,0,,,-1,,,0,,,,,,,0.9900000095367432,,0,3.2510801568310654,"Jake Rogers",19452,668670
2025,"Andrew Knizner","SFG","C",234,1,-2,0,,,-1,,,-1,,,,,,,1.4299999475479126,,0,2.647590877746762,"Andrew Knizner",19514,668800
2025,"Chuckie Robinson","LAD","C",7,0,0,0,,,0,,,0,,,,,,,0,,0,0.0803802501623156,"Chuckie Robinson",19824,642020
2025,"Ben Rortvedt","- - -","C",325,2,-1,0,,,0,,,1,,,,,,,-0.1900000050663948,,0,2.3630053896631975,"Ben Rortvedt",20287,666163
2025,"Logan Porter","SFG","C",21.2,0,0,0,,,0,,,0,,,,,,,-0.019999999552965164,,0,0.36417809930221046,"Logan Porter",20626,682515
2025,"César Salazar","HOU","C",34,0,0,-1,,,0,,,-1,,,,,,,0.05999999865889549,,0,0.13861097554724938,"Cesar Salazar",21587,663967
2025,"Bo Naylor","CLE","C",945.1,-2,0,-1,,,3,,,1,,,,,,,-2.6700000762939453,,0,8.136116697331419,"Bo Naylor",21865,666310
2025,"Will Banfield","CIN","C",26,0,0,0,,,0,,,0,,,,,,,0.10000000149011612,,0,-0.19525344324102722,"Will Banfield",23790,677943
2025,"Anthony Seigler","MIL","C",1,0,0,0,,,0,,,0,,,,,,,-0.009999999776482582,,0,-0.24376855524760296,"Anthony Seigler",23802,678011
2025,"Korey Lee","CHW","C",86,0,0,-1,,,1,,,0,,,,,,,-0.05999999865889549,,0,0.8518548694082153,"Korey Lee",25543,686676
2025,"Maverick Handley","BAL","C",120.2,1,0,-2,,,0,,,-2,,,,,,,0.6499999761581421,,0,0.7608914901288244,"Maverick Handley",26106,668974
2025,"Drew Romo","COL","C",2,0,0,0,,,0,,,0,,,,,,,0,,0,0.05083111098575345,"Drew Romo",27763,691011
2025,"Moisés Ballesteros","CHC","C",6,0,0,0,,,0,,,0,,,,,,,0.009999999776482582,,0,-0.049992867879354405,"Moises Ballesteros",28820,694208
2025,"Carter Jensen","KCR","C",66.2,0,0,0,,,0,,,0,,,,,,,0.10000000149011612,,0,0.45617027141882216,"Carter Jensen",29478,695600
2025,"Harry Ford","SEA","C",14,0,0,0,,,0,,,0,,,,,,,-0.05999999865889549,,0,0.05439283362832535,"Harry Ford",29958,695670
2025,"Drake Baldwin","ATL","C",759.2,1,-5,-3,,,3,,,-2,,,,,,,-2.009999990463257,,0,5.144155569145391,"Drake Baldwin",31539,686948
2025,"Rafael Flores Jr.","PIT","C",9,0,0,0,,,0,,,0,,,,,,,-0.019999999552965164,,0,0.09876839329572228,"Rafael Flores Jr.",31991,804668
2025,"Kyle Higashioka","TEX","C",604.1,3,2,-3,,,1,,,4,,,,,,,3.450000047683716,,-1,4.5166448817445595,"Kyle Higashioka",5517,543309
2025,"Rob Brantly","MIA","C",17,0,0,0,,,-1,,,-1,,,,,,,-0.03999999910593033,,-1,-0.57323798699848,"Rob Brantly",10655,542963
2025,"Austin Barnes","LAD","C",103,1,0,-1,,,1,,,1,,,,,,,0.3499999940395355,,-1,-0.13413023379639943,"Austin Barnes",12158,605131
2025,"Omar Narváez","CHW","C",26,0,0,-1,,,0,,,-1,,,,,,,-0.05999999865889549,,-1,-0.26274791720344093,"Omar Narvaez",13338,553882
2025,"Jose Trevino","CIN","C",723.1,0,-1,-1,,,-2,,,-1,,,,,,,3.930000066757202,,-1,8.078970721955478,"Jose Trevino",16725,624431
2025,"Jose Herrera","ARI","C",486.2,-2,2,-3,,,2,,,0,,,,,,,-1.7999999523162842,,-1,2.2100792747222746,"Jose Herrera",17040,645444
2025,"Garrett Stubbs","PHI","C",6,0,0,0,,,0,,,0,,,,,,,-0.019999999552965164,,-1,0.06035235591853823,"Garrett Stubbs",18067,596117
2025,"Iván Herrera","STL","C",101,0,0,-2,,,0,,,-2,,,,,,,-0.09000000357627869,,-1,-0.256741367993501,"Ivan Herrera",20599,671056
2025,"Sebastián Rivero","LAA","C",85.1,0,0,0,,,0,,,0,,,,,,,-0.25,,-1,0.26860242118091837,"Sebastian Rivero",21735,665861
2025,"Sam Huff","SFG","C",148.1,1,0,-1,,,-1,,,-1,,,,,,,0.07000000029802322,,-1,-0.3133317860355178,"Sam Huff",22209,669087
2025,"Blake Sabol","BOS","C",39,0,0,0,,,0,,,0,,,,,,,-0.17000000178813934,,-1,-0.48251455182376113,"Blake Sabol",25805,666165
2025,"C.J. Stubbs","WSN","C",9,0,0,0,,,0,,,1,,,,,,,-0.09000000357627869,,-1,0.036032846668574064,"C.J. Stubbs",25814,667690
2025,"Samuel Basallo","BAL","C",178.2,-1,0,0,,,-1,,,-1,,,,,,,-0.8700000047683716,,-1,0.36088718435251455,"Samuel Basallo",28824,694212
2025,"Jimmy Crooks","STL","C",105.1,0,0,0,,,0,,,0,,,,,,,-0.4699999988079071,,-1,-0.3265368106864134,"Jimmy Crooks",31354,699625
2025,"James McCann","ARI","C",316,-1,2,-1,,,1,,,2,,,,,,,-1.5499999523162842,,-2,1.3245592363115888,"James McCann",12859,543510
2025,"Austin Nola","COL","C",89,-1,0,0,,,1,,,0,,,,,,,-1.059999942779541,,-2,-0.6756365949556415,"Austin Nola",15941,543592
2025,"Jhonny Pereda","- - -","C",193,0,0,-1,,,0,,,0,,,,,,,-0.7199999988079071,,-2,-0.26910112988369184,"Jhonny Pereda",19802,640902
2025,"Connor Wong","BOS","C",454,1,-2,0,,,0,,,-1,,,,,,,-0.20000000298023224,,-2,1.4525827584752027,"Connor Wong",19896,657136
2025,"Hunter Feduccia","TBR","C",233.1,1,-1,-1,,,0,,,-1,,,,,,,0.5699999928474426,,-2,0.2612724063463321,"Hunter Feduccia",23372,676439
2025,"Willie MacIver","ATH","C",249,-1,-1,0,,,-1,,,-3,,,,,,,-2.1700000762939453,,-2,0.06072810060364997,"Willie MacIver",24641,680862
2025,"Endy Rodríguez","PIT","C",58.1,0,0,-1,,,-1,,,-2,,,,,,,0.05000000074505806,,-2,-1.2409144951943918,"Endy Rodriguez",25332,682848
2025,"Shea Langeliers","ATH","C",928,-6,-3,-3,,,1,,,-10,,,,,,,-6.690000057220459,,-2,1.6585931767979982,"Shea Langeliers",25816,669127
2025,"Ben Rice","NYY","C",229.2,-1,1,-1,,,-1,,,-3,,,,,,,-0.5699999928474426,,-2,0.4134697009850967,"Ben Rice",29576,700250
2025,"Liam Hicks","MIA","C",437.1,1,-1,0,,,1,,,0,,,,,,,0.5199999809265137,,-2,1.6238013174296735,"Liam Hicks",29844,689414
2025,"Victor Caratini","HOU","C",418,-2,0,-4,,,1,,,-5,,,,,,,-2.559999942779541,,-3,-0.4734373852295688,"Victor Caratini",14968,605170
2025,"Jonah Heim","TEX","C",800.1,-2,-5,0,,,-1,,,-7,,,,,,,-3.7200000286102295,,-3,2.211778987375239,"Jonah Heim",16930,641680
2025,"Joey Bart","PIT","C",658.2,-1,-5,0,,,-1,,,-6,,,,,,,-0.7599999904632568,,-3,4.117290103863053,"Joey Bart",21524,663698
2025,"Yainer Diaz","HOU","C",990,-3,3,0,,,1,,,1,,,,,,,-3.549999952316284,,-3,5.624552886685253,"Yainer Diaz",23003,673237
2025,"Dalton Rushing","LAD","C",325.1,-1,0,1,,,-1,,,-1,,,,,,,-1.4500000476837158,,-3,1.7631244710875293,"Dalton Rushing",31382,687221
2025,"Kyle Teel","CHW","C",501.1,0,-3,0,,,-1,,,-4,,,,,,,0.41999998688697815,,-3,2.2647364388317066,"Kyle Teel",33549,691019
2025,"Travis d'Arnaud","LAA","C",475,-3,0,-2,,,1,,,-4,,,,,,,-2.3299999237060547,,-4,0.6418490176725249,"Travis d'Arnaud",7739,518595
2025,"Jorge Alfaro","WSN","C",91.2,0,0,-1,,,-2,,,-3,,,,,,,-0.7799999713897705,,-4,-1.7932808265485518,"Jorge Alfaro",12180,595751
2025,"Mitch Garver","SEA","C",376.2,-1,1,-3,,,-2,,,-4,,,,,,,-1.2300000190734863,,-4,-0.010671932911206827,"Mitch Garver",15161,641598
2025,"Matt Thaiss","- - -","C",411.2,-1,2,0,,,2,,,3,,,,,,,0.029999999329447746,,-4,2.811960363337708,"Matt Thaiss",19318,642136
2025,"Mickey Gasper","MIN","C",122,-1,-1,0,,,0,,,-2,,,,,,,-1.2999999523162842,,-4,-1.5814689340965722,"Mickey Gasper",24759,681508
2025,"Braxton Fulford","COL","C",249,-2,-1,1,,,-1,,,-3,,,,,,,-2.7300000190734863,,-4,-1.4700132983162173,"Braxton Fulford",29704,690924
2025,"Gary Sánchez","BAL","C",175.1,-1,-1,-1,,,-4,,,-8,,,,,,,-2.619999885559082,,-5,-3.571252448368886,"Gary Sanchez",11442,596142
2025,"Jacob Stallings","- - -","C",323,-2,1,2,,,-2,,,-3,,,,,,,-1.4300000071525574,,-5,-1.282613514710059,"Jacob Stallings",13723,607732
2025,"Tyler Stephenson","CIN","C",586,-5,0,0,,,3,,,-4,,,,,,,-5.059999942779541,,-5,2.6334127942358805,"Tyler Stephenson",17988,663886
2025,"Ryan Jeffers","MIN","C",699.2,-1,-3,-2,,,-2,,,-10,,,,,,,0.6399999856948853,,-5,2.337932015940856,"Ryan Jeffers",24618,680777
2025,"Martín Maldonado","SDP","C",445,0,2,-2,,,-2,,,-1,,,,,,,-1.2100000381469727,,-6,-3.512051623848021,"Martin Maldonado",6887,455117
2025,"J.T. Realmuto","PHI","C",1151.1,-7,4,1,,,2,,,-2,,,,,,,-6.96999979019165,,-6,5.356837196640589,"J.T. Realmuto",11739,592663
2025,"Francisco Alvarez","NYM","C",596,-2,-3,1,,,0,,,-5,,,,,,,-2.5199999809265137,,-6,1.8206076159220537,"Francisco Alvarez",26121,682626
2025,"Salvador Perez","KCR","C",761.2,-6,-8,2,,,-2,,,-15,,,,,,,-7.610000133514404,,-8,-2.6294775058854585,"Salvador Perez",7304,521692
2025,"Danny Jansen","- - -","C",739.1,-4,5,2,,,4,,,6,,,,,,,-5.419999837875366,,-8,1.1026956208170482,"Danny Jansen",16535,643376
2025,"Riley Adams","WSN","C",642.1,-7,0,1,,,-1,,,-4,,,,,,,-6.829999923706055,,-8,-0.362042696045914,"Riley Adams",19864,656180
2025,"Will Smith","LAD","C",865.1,-6,-2,2,,,-2,,,-8,,,,,,,-6.849999904632568,,-9,1.7179519749274057,"Will Smith",19197,669257
2025,"Keibert Ruiz","WSN","C",557,-4,4,2,,,-1,,,1,,,,,,,-8.359999656677246,,-10,-5.320550927333306,"Keibert Ruiz",19610,660688
2025,"Logan O'Hoppe","LAA","C",869,-6,2,-2,,,-4,,,-10,,,,,,,-9.4399995803833,,-11,-4.8182286954899105,"Logan O'Hoppe",24729,681351
2025,"Agustín Ramírez","MIA","C",605.2,1,-3,-3,,,-8,,,-14,,,,,,,1.4199999570846558,,-12,-5.730480991059322,"Agustin Ramirez",26546,682663
2025,"Edgar Quero","CHW","C",579,-9,3,1,,,-1,,,-8,,,,,,,-9.65999984741211,,-15,-6.6265330203207675,"Edgar Quero",28022,700337